Campeche,1,San Fransisco de Campeche,Campeche,4
Campeche,1,San Fransisco de Campeche,Campeche,10
Campeche,1,San Fransisco de Campeche,Campeche,13
Campeche,1,San Fransisco de Campeche,Campeche,14
Campeche,1,San Fransisco de Campeche,Campeche,15
Campeche,1,San Fransisco de Campeche,Campeche,16
Campeche,1,San Fransisco de Campeche,Campeche,19
Campeche,1,San Fransisco de Campeche,Campeche,20
Campeche,1,San Fransisco de Campeche,Campeche,21
Campeche,1,San Fransisco de Campeche,Campeche,22
Campeche,1,San Fransisco de Campeche,Campeche,23
Campeche,1,San Fransisco de Campeche,Campeche,32
Campeche,1,San Fransisco de Campeche,Campeche,33
Campeche,1,San Fransisco de Campeche,Campeche,34
Campeche,1,San Fransisco de Campeche,Campeche,35
Campeche,1,San Fransisco de Campeche,Campeche,36
Campeche,1,San Fransisco de Campeche,Campeche,37
Campeche,1,San Fransisco de Campeche,Campeche,40
Campeche,1,San Fransisco de Campeche,Campeche,41
Campeche,2,San Fransisco de Campeche,Campeche,9
Campeche,2,San Fransisco de Campeche,Campeche,17
Campeche,2,San Fransisco de Campeche,Campeche,18
Campeche,2,San Fransisco de Campeche,Campeche,38
Campeche,2,San Fransisco de Campeche,Campeche,39
Campeche,2,San Fransisco de Campeche,Campeche,81
Campeche,2,San Fransisco de Campeche,Campeche,124
Campeche,2,San Fransisco de Campeche,Campeche,128
Campeche,3,San Fransisco de Campeche,Campeche,42
Campeche,3,San Fransisco de Campeche,Campeche,43
Campeche,3,San Fransisco de Campeche,Campeche,60
Campeche,3,San Fransisco de Campeche,Campeche,61
Campeche,3,San Fransisco de Campeche,Campeche,62
Campeche,3,San Fransisco de Campeche,Campeche,63
Campeche,3,San Fransisco de Campeche,Campeche,64
Campeche,3,San Fransisco de Campeche,Campeche,65
Campeche,3,San Fransisco de Campeche,Campeche,66
Campeche,3,San Fransisco de Campeche,Campeche,67
Campeche,3,San Fransisco de Campeche,Campeche,79
Campeche,3,San Fransisco de Campeche,Campeche,80
Campeche,3,San Fransisco de Campeche,Campeche,82
Campeche,3,San Fransisco de Campeche,Campeche,83
Campeche,3,San Fransisco de Campeche,Campeche,125
Campeche,3,San Fransisco de Campeche,Campeche,126
Campeche,4,San Fransisco de Campeche,Campeche,49
Campeche,4,San Fransisco de Campeche,Campeche,56
Campeche,4,San Fransisco de Campeche,Campeche,57
Campeche,4,San Fransisco de Campeche,Campeche,58
Campeche,4,San Fransisco de Campeche,Campeche,59
Campeche,4,San Fransisco de Campeche,Campeche,68
Campeche,4,San Fransisco de Campeche,Campeche,69
Campeche,4,San Fransisco de Campeche,Campeche,70
Campeche,4,San Fransisco de Campeche,Campeche,77
Campeche,4,San Fransisco de Campeche,Campeche,78
Campeche,4,San Fransisco de Campeche,Campeche,84
Campeche,4,San Fransisco de Campeche,Campeche,85
Campeche,4,San Fransisco de Campeche,Campeche,86
Campeche,4,San Fransisco de Campeche,Campeche,92
Campeche,4,San Fransisco de Campeche,Campeche,93
Campeche,4,San Fransisco de Campeche,Campeche,94
Campeche,4,San Fransisco de Campeche,Campeche,95
Campeche,4,San Fransisco de Campeche,Campeche,96
Campeche,4,San Fransisco de Campeche,Campeche,97
Campeche,4,San Fransisco de Campeche,Campeche,98
Campeche,4,San Fransisco de Campeche,Campeche,104
Campeche,4,San Fransisco de Campeche,Campeche,105
Campeche,4,San Fransisco de Campeche,Campeche,106
Campeche,5,San Fransisco de Campeche,Campeche,28
Campeche,5,San Fransisco de Campeche,Campeche,50
Campeche,5,San Fransisco de Campeche,Campeche,51
Campeche,5,San Fransisco de Campeche,Campeche,52
Campeche,5,San Fransisco de Campeche,Campeche,53
Campeche,5,San Fransisco de Campeche,Campeche,55
Campeche,5,San Fransisco de Campeche,Campeche,71
Campeche,5,San Fransisco de Campeche,Campeche,74
Campeche,5,San Fransisco de Campeche,Campeche,75
Campeche,5,San Fransisco de Campeche,Campeche,76
Campeche,5,San Fransisco de Campeche,Campeche,87
Campeche,5,San Fransisco de Campeche,Campeche,90
Campeche,5,San Fransisco de Campeche,Campeche,91
Campeche,5,San Fransisco de Campeche,Campeche,99
Campeche,5,San Fransisco de Campeche,Campeche,100
Campeche,5,San Fransisco de Campeche,Campeche,101
Campeche,5,San Fransisco de Campeche,Campeche,102
Campeche,5,San Fransisco de Campeche,Campeche,103
Campeche,5,San Fransisco de Campeche,Campeche,108
Campeche,5,San Fransisco de Campeche,Campeche,109
Campeche,5,San Fransisco de Campeche,Campeche,111
Campeche,6,San Fransisco de Campeche,Campeche,54
Campeche,6,San Fransisco de Campeche,Campeche,72
Campeche,6,San Fransisco de Campeche,Campeche,73
Campeche,6,San Fransisco de Campeche,Campeche,88
Campeche,6,San Fransisco de Campeche,Campeche,89
Campeche,6,San Fransisco de Campeche,Campeche,107
Campeche,6,San Fransisco de Campeche,Campeche,110
Campeche,6,San Fransisco de Campeche,Campeche,112
Campeche,6,San Fransisco de Campeche,Campeche,113
Campeche,6,San Fransisco de Campeche,Campeche,114
Campeche,6,San Fransisco de Campeche,Campeche,115
Campeche,6,San Fransisco de Campeche,Campeche,116
Campeche,6,San Fransisco de Campeche,Campeche,117
Campeche,6,San Fransisco de Campeche,Campeche,127
Campeche,6,San Fransisco de Campeche,Campeche,129
Campeche,6,San Fransisco de Campeche,Campeche,130
Campeche,6,San Fransisco de Campeche,Campeche,131
Campeche,6,San Fransisco de Campeche,Campeche,132
Campeche,6,San Fransisco de Campeche,Campeche,133
Campeche,6,San Fransisco de Campeche,Campeche,134
Campeche,6,San Fransisco de Campeche,Campeche,135
Campeche,6,San Fransisco de Campeche,Campeche,136
Campeche,6,San Fransisco de Campeche,Campeche,137
Campeche,6,San Fransisco de Campeche,Campeche,138
Campeche,6,San Fransisco de Campeche,Campeche,139
Campeche,6,San Fransisco de Campeche,Campeche,140
Campeche,6,San Fransisco de Campeche,Campeche,141
Campeche,6,San Fransisco de Campeche,Campeche,142
Campeche,6,San Fransisco de Campeche,Campeche,143
Campeche,6,San Fransisco de Campeche,Campeche,144
Campeche,6,San Fransisco de Campeche,Campeche,145
Campeche,6,San Fransisco de Campeche,Campeche,146
Campeche,7,Tenabo,Campeche/Tenabo,1
Campeche,7,Tenabo,Campeche/Tenabo,2
Campeche,7,Tenabo,Campeche/Tenabo,3
Campeche,7,Tenabo,Campeche/Tenabo,5
Campeche,7,Tenabo,Campeche/Tenabo,6
Campeche,7,Tenabo,Campeche/Tenabo,7
Campeche,7,Tenabo,Campeche/Tenabo,8
Campeche,7,Tenabo,Campeche/Tenabo,11
Campeche,7,Tenabo,Campeche/Tenabo,12
Campeche,7,Tenabo,Campeche/Tenabo,24
Campeche,7,Tenabo,Campeche/Tenabo,25
Campeche,7,Tenabo,Campeche/Tenabo,26
Campeche,7,Tenabo,Campeche/Tenabo,27
Campeche,7,Tenabo,Campeche/Tenabo,29
Campeche,7,Tenabo,Campeche/Tenabo,30
Campeche,7,Tenabo,Campeche/Tenabo,31
Campeche,7,Tenabo,Campeche/Tenabo,44
Campeche,7,Tenabo,Campeche/Tenabo,45
Campeche,7,Tenabo,Campeche/Tenabo,46
Campeche,7,Tenabo,Campeche/Tenabo,47
Campeche,7,Tenabo,Campeche/Tenabo,48
Campeche,7,Tenabo,Campeche/Tenabo,118
Campeche,7,Tenabo,Campeche/Tenabo,119
Campeche,7,Tenabo,Campeche/Tenabo,120
Campeche,7,Tenabo,Campeche/Tenabo,121
Campeche,7,Tenabo,Campeche/Tenabo,122
Campeche,7,Tenabo,Campeche/Tenabo,123
Campeche,7,Tenabo,Campeche/Tenabo,440
Campeche,7,Tenabo,Campeche/Tenabo,441
Campeche,7,Tenabo,Campeche/Tenabo,442
Campeche,7,Tenabo,Campeche/Tenabo,443
Campeche,7,Tenabo,Campeche/Tenabo,444
Campeche,7,Tenabo,Campeche/Tenabo,445
Campeche,7,Tenabo,Campeche/Tenabo,446
Campeche,7,Tenabo,Campeche/Tenabo,447
Campeche,8,Ciudad del Carmen,Carmen,205
Campeche,8,Ciudad del Carmen,Carmen,220
Campeche,8,Ciudad del Carmen,Carmen,232
Campeche,8,Ciudad del Carmen,Carmen,233
Campeche,8,Ciudad del Carmen,Carmen,234
Campeche,8,Ciudad del Carmen,Carmen,235
Campeche,8,Ciudad del Carmen,Carmen,236
Campeche,8,Ciudad del Carmen,Carmen,237
Campeche,8,Ciudad del Carmen,Carmen,240
Campeche,8,Ciudad del Carmen,Carmen,241
Campeche,8,Ciudad del Carmen,Carmen,242
Campeche,8,Ciudad del Carmen,Carmen,243
Campeche,8,Ciudad del Carmen,Carmen,245
Campeche,8,Ciudad del Carmen,Carmen,246
Campeche,8,Ciudad del Carmen,Carmen,247
Campeche,8,Ciudad del Carmen,Carmen,248
Campeche,8,Ciudad del Carmen,Carmen,249
Campeche,9,Ciudad del Carmen,Carmen,187
Campeche,9,Ciudad del Carmen,Carmen,188
Campeche,9,Ciudad del Carmen,Carmen,189
Campeche,9,Ciudad del Carmen,Carmen,190
Campeche,9,Ciudad del Carmen,Carmen,194
Campeche,9,Ciudad del Carmen,Carmen,195
Campeche,9,Ciudad del Carmen,Carmen,196
Campeche,9,Ciudad del Carmen,Carmen,197
Campeche,9,Ciudad del Carmen,Carmen,201
Campeche,9,Ciudad del Carmen,Carmen,202
Campeche,9,Ciudad del Carmen,Carmen,203
Campeche,9,Ciudad del Carmen,Carmen,204
Campeche,9,Ciudad del Carmen,Carmen,207
Campeche,9,Ciudad del Carmen,Carmen,208
Campeche,9,Ciudad del Carmen,Carmen,209
Campeche,9,Ciudad del Carmen,Carmen,210
Campeche,9,Ciudad del Carmen,Carmen,212
Campeche,9,Ciudad del Carmen,Carmen,213
Campeche,9,Ciudad del Carmen,Carmen,217
Campeche,9,Ciudad del Carmen,Carmen,218
Campeche,9,Ciudad del Carmen,Carmen,219
Campeche,9,Ciudad del Carmen,Carmen,226
Campeche,9,Ciudad del Carmen,Carmen,227
Campeche,9,Ciudad del Carmen,Carmen,228
Campeche,10,Ciudad del Carmen,Carmen,183
Campeche,10,Ciudad del Carmen,Carmen,184
Campeche,10,Ciudad del Carmen,Carmen,185
Campeche,10,Ciudad del Carmen,Carmen,186
Campeche,10,Ciudad del Carmen,Carmen,191
Campeche,10,Ciudad del Carmen,Carmen,192
Campeche,10,Ciudad del Carmen,Carmen,193
Campeche,10,Ciudad del Carmen,Carmen,206
Campeche,10,Ciudad del Carmen,Carmen,231
Campeche,10,Ciudad del Carmen,Carmen,493
Campeche,10,Ciudad del Carmen,Carmen,494
Campeche,10,Ciudad del Carmen,Carmen,495
Campeche,10,Ciudad del Carmen,Carmen,496
Campeche,10,Ciudad del Carmen,Carmen,502
Campeche,10,Ciudad del Carmen,Carmen,503
Campeche,10,Ciudad del Carmen,Carmen,506
Campeche,11,Ciudad del Carmen,Carmen,230
Campeche,11,Ciudad del Carmen,Carmen,244
Campeche,11,Ciudad del Carmen,Carmen,497
Campeche,11,Ciudad del Carmen,Carmen,498
Campeche,11,Ciudad del Carmen,Carmen,499
Campeche,11,Ciudad del Carmen,Carmen,500
Campeche,11,Ciudad del Carmen,Carmen,501
Campeche,11,Ciudad del Carmen,Carmen,504
Campeche,11,Ciudad del Carmen,Carmen,505
Campeche,11,Ciudad del Carmen,Carmen,507
Campeche,11,Ciudad del Carmen,Carmen,508
Campeche,11,Ciudad del Carmen,Carmen,509
Campeche,11,Ciudad del Carmen,Carmen,510
Campeche,11,Ciudad del Carmen,Carmen,511
Campeche,11,Ciudad del Carmen,Carmen,512
Campeche,11,Ciudad del Carmen,Carmen,513
Campeche,11,Ciudad del Carmen,Carmen,514
Campeche,11,Ciudad del Carmen,Carmen,515
Campeche,11,Ciudad del Carmen,Carmen,516
Campeche,11,Ciudad del Carmen,Carmen,517
Campeche,11,Ciudad del Carmen,Carmen,518
Campeche,11,Ciudad del Carmen,Carmen,519
Campeche,11,Ciudad del Carmen,Carmen,520
Campeche,11,Ciudad del Carmen,Carmen,521
Campeche,11,Ciudad del Carmen,Carmen,522
Campeche,11,Ciudad del Carmen,Carmen,523
Campeche,11,Ciudad del Carmen,Carmen,524
Campeche,11,Ciudad del Carmen,Carmen,525
Campeche,11,Ciudad del Carmen,Carmen,526
Campeche,11,Ciudad del Carmen,Carmen,527
Campeche,12,Sabancuy,Carmen,250
Campeche,12,Sabancuy,Carmen,251
Campeche,12,Sabancuy,Carmen,252
Campeche,12,Sabancuy,Carmen,253
Campeche,12,Sabancuy,Carmen,254
Campeche,12,Sabancuy,Carmen,255
Campeche,12,Sabancuy,Carmen,256
Campeche,12,Sabancuy,Carmen,257
Campeche,12,Sabancuy,Carmen,258
Campeche,12,Sabancuy,Carmen,259
Campeche,12,Sabancuy,Carmen,260
Campeche,12,Sabancuy,Carmen,261
Campeche,12,Sabancuy,Carmen,262
Campeche,12,Sabancuy,Carmen,270
Campeche,12,Sabancuy,Carmen,271
Campeche,12,Sabancuy,Carmen,272
Campeche,12,Sabancuy,Carmen,284
Campeche,12,Sabancuy,Carmen,472
Campeche,12,Sabancuy,Carmen,473
Campeche,12,Sabancuy,Carmen,474
Campeche,12,Sabancuy,Carmen,478
Campeche,12,Sabancuy,Carmen,479
Campeche,12,Sabancuy,Carmen,483
Campeche,12,Sabancuy,Carmen,484
Campeche,12,Sabancuy,Carmen,486
Campeche,12,Sabancuy,Carmen,487
Campeche,12,Sabancuy,Carmen,488
Campeche,12,Sabancuy,Carmen,491
Campeche,12,Sabancuy,Carmen,492
Campeche,13,Escárcega,Escárcega,448
Campeche,13,Escárcega,Escárcega,449
Campeche,13,Escárcega,Escárcega,450
Campeche,13,Escárcega,Escárcega,451
Campeche,13,Escárcega,Escárcega,452
Campeche,13,Escárcega,Escárcega,453
Campeche,13,Escárcega,Escárcega,454
Campeche,13,Escárcega,Escárcega,455
Campeche,13,Escárcega,Escárcega,456
Campeche,13,Escárcega,Escárcega,457
Campeche,13,Escárcega,Escárcega,458
Campeche,13,Escárcega,Escárcega,459
Campeche,13,Escárcega,Escárcega,460
Campeche,13,Escárcega,Escárcega,461
Campeche,13,Escárcega,Escárcega,462
Campeche,13,Escárcega,Escárcega,463
Campeche,13,Escárcega,Escárcega,464
Campeche,13,Escárcega,Escárcega,465
Campeche,13,Escárcega,Escárcega,466
Campeche,13,Escárcega,Escárcega,471
Campeche,13,Escárcega,Escárcega,475
Campeche,13,Escárcega,Escárcega,476
Campeche,13,Escárcega,Escárcega,477
Campeche,13,Escárcega,Escárcega,480
Campeche,13,Escárcega,Escárcega,481
Campeche,13,Escárcega,Escárcega,482
Campeche,13,Escárcega,Escárcega,485
Campeche,13,Escárcega,Escárcega,489
Campeche,14,Candelaria,Candelaria,274
Campeche,14,Candelaria,Candelaria,275
Campeche,14,Candelaria,Candelaria,276
Campeche,14,Candelaria,Candelaria,277
Campeche,14,Candelaria,Candelaria,279
Campeche,14,Candelaria,Candelaria,280
Campeche,14,Candelaria,Candelaria,281
Campeche,14,Candelaria,Candelaria,282
Campeche,14,Candelaria,Candelaria,283
Campeche,14,Candelaria,Candelaria,285
Campeche,14,Candelaria,Candelaria,286
Campeche,14,Candelaria,Candelaria,287
Campeche,14,Candelaria,Candelaria,288
Campeche,14,Candelaria,Candelaria,289
Campeche,14,Candelaria,Candelaria,290
Campeche,14,Candelaria,Candelaria,291
Campeche,14,Candelaria,Candelaria,292
Campeche,14,Candelaria,Candelaria,293
Campeche,14,Candelaria,Candelaria,294
Campeche,14,Candelaria,Candelaria,295
Campeche,14,Candelaria,Candelaria,296
Campeche,14,Candelaria,Candelaria,297
Campeche,14,Candelaria,Candelaria,298
Campeche,14,Candelaria,Candelaria,299
Campeche,14,Candelaria,Candelaria,300
Campeche,14,Candelaria,Candelaria,301
Campeche,14,Candelaria,Candelaria,302
Campeche,14,Candelaria,Candelaria,490
Campeche,14,Candelaria,Candelaria,531
Campeche,14,Candelaria,Candelaria,532
Campeche,14,Candelaria,Candelaria,533
Campeche,14,Candelaria,Candelaria,534
Campeche,14,Candelaria,Candelaria,535
Campeche,14,Candelaria,Candelaria,536
Campeche,14,Candelaria,Candelaria,537
Campeche,15,Champotón,Champotón,303
Campeche,15,Champotón,Champotón,304
Campeche,15,Champotón,Champotón,305
Campeche,15,Champotón,Champotón,306
Campeche,15,Champotón,Champotón,307
Campeche,15,Champotón,Champotón,308
Campeche,15,Champotón,Champotón,309
Campeche,15,Champotón,Champotón,310
Campeche,15,Champotón,Champotón,311
Campeche,15,Champotón,Champotón,312
Campeche,15,Champotón,Champotón,313
Campeche,15,Champotón,Champotón,314
Campeche,15,Champotón,Champotón,315
Campeche,15,Champotón,Champotón,316
Campeche,15,Champotón,Champotón,317
Campeche,15,Champotón,Champotón,318
Campeche,15,Champotón,Champotón,319
Campeche,15,Champotón,Champotón,338
Campeche,15,Champotón,Champotón,341
Campeche,15,Champotón,Champotón,344
Campeche,15,Champotón,Champotón,345
Campeche,15,Champotón,Champotón,346
Campeche,15,Champotón,Champotón,349
Campeche,15,Champotón,Champotón,350
Campeche,15,Champotón,Champotón,351
Campeche,15,Champotón,Champotón,353
Campeche,15,Champotón,Champotón,355
Campeche,16,Seybaplaya,Champotón,320
Campeche,16,Seybaplaya,Champotón,321
Campeche,16,Seybaplaya,Champotón,322
Campeche,16,Seybaplaya,Champotón,323
Campeche,16,Seybaplaya,Champotón,324
Campeche,16,Seybaplaya,Champotón,325
Campeche,16,Seybaplaya,Champotón,326
Campeche,16,Seybaplaya,Champotón,327
Campeche,16,Seybaplaya,Champotón,328
Campeche,16,Seybaplaya,Champotón,329
Campeche,16,Seybaplaya,Champotón,330
Campeche,16,Seybaplaya,Champotón,332
Campeche,16,Seybaplaya,Champotón,333
Campeche,16,Seybaplaya,Champotón,334
Campeche,16,Seybaplaya,Champotón,335
Campeche,16,Seybaplaya,Champotón,336
Campeche,16,Seybaplaya,Champotón,337
Campeche,16,Seybaplaya,Champotón,339
Campeche,16,Seybaplaya,Champotón,340
Campeche,16,Seybaplaya,Champotón,341
Campeche,16,Seybaplaya,Champotón,343
Campeche,16,Seybaplaya,Champotón,347
Campeche,16,Seybaplaya,Champotón,348
Campeche,16,Seybaplaya,Champotón,352
Campeche,16,Seybaplaya,Champotón,354
Campeche,16,Seybaplaya,Champotón,528
Campeche,16,Seybaplaya,Champotón,529
Campeche,16,Seybaplaya,Champotón,530
Campeche,16,Seybaplaya,Champotón,538
Campeche,16,Seybaplaya,Champotón,539
Campeche,17,Calkiní,Calkiní,147
Campeche,17,Calkiní,Calkiní,148
Campeche,17,Calkiní,Calkiní,149
Campeche,17,Calkiní,Calkiní,150
Campeche,17,Calkiní,Calkiní,151
Campeche,17,Calkiní,Calkiní,152
Campeche,17,Calkiní,Calkiní,153
Campeche,17,Calkiní,Calkiní,154
Campeche,17,Calkiní,Calkiní,155
Campeche,17,Calkiní,Calkiní,156
Campeche,17,Calkiní,Calkiní,159
Campeche,17,Calkiní,Calkiní,160
Campeche,17,Calkiní,Calkiní,161
Campeche,17,Calkiní,Calkiní,162
Campeche,17,Calkiní,Calkiní,163
Campeche,17,Calkiní,Calkiní,164
Campeche,17,Calkiní,Calkiní,169
Campeche,17,Calkiní,Calkiní,172
Campeche,17,Calkiní,Calkiní,173
Campeche,17,Calkiní,Calkiní,174
Campeche,17,Calkiní,Calkiní,175
Campeche,17,Calkiní,Calkiní,176
Campeche,17,Calkiní,Calkiní,177
Campeche,17,Calkiní,Calkiní,179
Campeche,17,Calkiní,Calkiní,180
Campeche,18,Hopelchén,Hopelchén,381
Campeche,18,Hopelchén,Hopelchén,382
Campeche,18,Hopelchén,Hopelchén,383
Campeche,18,Hopelchén,Hopelchén,384
Campeche,18,Hopelchén,Hopelchén,385
Campeche,18,Hopelchén,Hopelchén,386
Campeche,18,Hopelchén,Hopelchén,387
Campeche,18,Hopelchén,Hopelchén,388
Campeche,18,Hopelchén,Hopelchén,389
Campeche,18,Hopelchén,Hopelchén,390
Campeche,18,Hopelchén,Hopelchén,391
Campeche,18,Hopelchén,Hopelchén,392
Campeche,18,Hopelchén,Hopelchén,393
Campeche,18,Hopelchén,Hopelchén,394
Campeche,18,Hopelchén,Hopelchén,395
Campeche,18,Hopelchén,Hopelchén,396
Campeche,18,Hopelchén,Hopelchén,397
Campeche,18,Hopelchén,Hopelchén,398
Campeche,18,Hopelchén,Hopelchén,399
Campeche,18,Hopelchén,Hopelchén,400
Campeche,18,Hopelchén,Hopelchén,401
Campeche,18,Hopelchén,Hopelchén,402
Campeche,18,Hopelchén,Hopelchén,403
Campeche,18,Hopelchén,Hopelchén,404
Campeche,18,Hopelchén,Hopelchén,405
Campeche,18,Hopelchén,Hopelchén,406
Campeche,18,Hopelchén,Hopelchén,407
Campeche,18,Hopelchén,Hopelchén,408
Campeche,18,Hopelchén,Hopelchén,409
Campeche,18,Hopelchén,Hopelchén,410
Campeche,18,Hopelchén,Hopelchén,411
Campeche,18,Hopelchén,Hopelchén,412
Campeche,19,Hecelchakán,Calkiní/Hecelchakán,157
Campeche,19,Hecelchakán,Calkiní/Hecelchakán,158
Campeche,19,Hecelchakán,Calkiní/Hecelchakán,165
Campeche,19,Hecelchakán,Calkiní/Hecelchakán,166
Campeche,19,Hecelchakán,Calkiní/Hecelchakán,167
Campeche,19,Hecelchakán,Calkiní/Hecelchakán,168
Campeche,19,Hecelchakán,Calkiní/Hecelchakán,170
Campeche,19,Hecelchakán,Calkiní/Hecelchakán,171
Campeche,19,Hecelchakán,Calkiní/Hecelchakán,178
Campeche,19,Hecelchakán,Calkiní/Hecelchakán,181
Campeche,19,Hecelchakán,Calkiní/Hecelchakán,182
Campeche,19,Hecelchakán,Calkiní/Hecelchakán,363
Campeche,19,Hecelchakán,Calkiní/Hecelchakán,364
Campeche,19,Hecelchakán,Calkiní/Hecelchakán,365
Campeche,19,Hecelchakán,Calkiní/Hecelchakán,366
Campeche,19,Hecelchakán,Calkiní/Hecelchakán,367
Campeche,19,Hecelchakán,Calkiní/Hecelchakán,368
Campeche,19,Hecelchakán,Calkiní/Hecelchakán,369
Campeche,19,Hecelchakán,Calkiní/Hecelchakán,370
Campeche,19,Hecelchakán,Calkiní/Hecelchakán,371
Campeche,19,Hecelchakán,Calkiní/Hecelchakán,372
Campeche,19,Hecelchakán,Calkiní/Hecelchakán,373
Campeche,19,Hecelchakán,Calkiní/Hecelchakán,374
Campeche,19,Hecelchakán,Calkiní/Hecelchakán,375
Campeche,19,Hecelchakán,Calkiní/Hecelchakán,376
Campeche,19,Hecelchakán,Calkiní/Hecelchakán,377
Campeche,19,Hecelchakán,Calkiní/Hecelchakán,378
Campeche,19,Hecelchakán,Calkiní/Hecelchakán,379
Campeche,19,Hecelchakán,Calkiní/Hecelchakán,380
Campeche,20,Palizada,Carmen/Palizada,198
Campeche,20,Palizada,Carmen/Palizada,199
Campeche,20,Palizada,Carmen/Palizada,200
Campeche,20,Palizada,Carmen/Palizada,211
Campeche,20,Palizada,Carmen/Palizada,214
Campeche,20,Palizada,Carmen/Palizada,215
Campeche,20,Palizada,Carmen/Palizada,216
Campeche,20,Palizada,Carmen/Palizada,221
Campeche,20,Palizada,Carmen/Palizada,222
Campeche,20,Palizada,Carmen/Palizada,223
Campeche,20,Palizada,Carmen/Palizada,224
Campeche,20,Palizada,Carmen/Palizada,225
Campeche,20,Palizada,Carmen/Palizada,239
Campeche,20,Palizada,Carmen/Palizada,263
Campeche,20,Palizada,Carmen/Palizada,264
Campeche,20,Palizada,Carmen/Palizada,265
Campeche,20,Palizada,Carmen/Palizada,266
Campeche,20,Palizada,Carmen/Palizada,267
Campeche,20,Palizada,Carmen/Palizada,268
Campeche,20,Palizada,Carmen/Palizada,269
Campeche,20,Palizada,Carmen/Palizada,428
Campeche,20,Palizada,Carmen/Palizada,429
Campeche,20,Palizada,Carmen/Palizada,430
Campeche,20,Palizada,Carmen/Palizada,431
Campeche,20,Palizada,Carmen/Palizada,432
Campeche,20,Palizada,Carmen/Palizada,433
Campeche,20,Palizada,Carmen/Palizada,434
Campeche,20,Palizada,Carmen/Palizada,435
Campeche,20,Palizada,Carmen/Palizada,436
Campeche,20,Palizada,Carmen/Palizada,439
Campeche,21,Xpujil,Calakmul/Escárcega,356
Campeche,21,Xpujil,Calakmul/Escárcega,357
Campeche,21,Xpujil,Calakmul/Escárcega,358
Campeche,21,Xpujil,Calakmul/Escárcega,359
Campeche,21,Xpujil,Calakmul/Escárcega,360
Campeche,21,Xpujil,Calakmul/Escárcega,361
Campeche,21,Xpujil,Calakmul/Escárcega,362
Campeche,21,Xpujil,Calakmul/Escárcega,413
Campeche,21,Xpujil,Calakmul/Escárcega,414
Campeche,21,Xpujil,Calakmul/Escárcega,415
Campeche,21,Xpujil,Calakmul/Escárcega,416
Campeche,21,Xpujil,Calakmul/Escárcega,417
Campeche,21,Xpujil,Calakmul/Escárcega,418
Campeche,21,Xpujil,Calakmul/Escárcega,419
Campeche,21,Xpujil,Calakmul/Escárcega,420
Campeche,21,Xpujil,Calakmul/Escárcega,421
Campeche,21,Xpujil,Calakmul/Escárcega,422
Campeche,21,Xpujil,Calakmul/Escárcega,423
Campeche,21,Xpujil,Calakmul/Escárcega,424
Campeche,21,Xpujil,Calakmul/Escárcega,425
Campeche,21,Xpujil,Calakmul/Escárcega,426
Campeche,21,Xpujil,Calakmul/Escárcega,427
Campeche,21,Xpujil,Calakmul/Escárcega,467
Campeche,21,Xpujil,Calakmul/Escárcega,468
Campeche,21,Xpujil,Calakmul/Escárcega,469
Campeche,21,Xpujil,Calakmul/Escárcega,470